
    {
      "src": "bajaj.png",
      "name": "Bajaj"
    },
    {
      "src": "hero.png",
      "name": "Hero"
    },
    {
      "src": "Honda.png",
      "name": "Honda"
    },
    {
      "src": "Kawasaki.png",
      "name": "Kawasaki"
    },
    {
      "src": "Mahindra.png",
      "name": "Mahindra"
    },
    {
      "src": "RoyalEnfield.png",
      "name": "Royal Enfield"
    },
    {
      "src": "Suzuki.png",
      "name": "Suzuki"
    },
    {
      "src": "TVS.png",
      "name": "TVS"
    },
    {
      "src": "Yamaha.png",
      "name": "Yamaha"
    }
  